firstname;lastname;phone
Amanda;Jones;+79359055204
Carolina;Gentry;+79267741489
Harvey;Wheeler;+79235878464
Skyla;Howard;+79681734796
Lewis;Anderson;+79796267680
Aidan;Shelton;+79207229317
Myra;Perry;+79476217512
Harvey;Wheeler;+79300657113
Angelique;Dudley;+79910010544
Blanche;Garcia;+79533828211
Antonio;Stanley;+79506019652
Alberto;Guzman;+79872314635
Stella;Black;+79122421083
Sophia;Anderson;+79472856375
Rick;Green;+79825667988
Vicki;Roberts;+79192870596
Christina;Cook;+79560313358
Kayleigh;Young;+79900196963
Tracey;Patel;+79416066263
Helena;Lee;+79270438017
Jimmy;Evans;+79931398373
Katrina;Reid;+79676751005
Hope;Lindsey;+79137323461
Lucy;Ramirez;+79729416343
Stuart;Warren;+79263192590
Stefan;Ford;+79679109353
Monique;Norman;+79223162166
Wiley;Shaw;+79807350797
Liam;Miller;+79364297513
George;Watkins;+79552174594
Gloria;Meadows;+79238240370
Luka;Flores;+79235674438
Traci;Warburton;+79291505384
Vera;Wagner;+79845703197
Tristin;Hall;+79980306207
Angela;Mosby;+79808363169
Kayla;Potter;+79887775349
Patricia;Terry;+79324047666
Jessie;Baker;+79240046613
Dan;Mitchell;+79886669254
Rose;Little;+79138502723
Gabriela;Phillips;+79977680897
Perry;Gomez;+79823717551
Julian;Terry;+79697739967
Wade;Williams;+79360208359
Ashley;Spencer;+79361511898
Anabelle;Trujillo;+79644116780
Romeo;Jordan;+79995135996
Deborah;Mason;+79781770530
Wade;Williams;+79601535956
Roberto;Cooper;+79919146892
Hector;Moody;+79307049290
Carlos;Daniel;+79517577702
Philip;Martinez;+79471659944
Glen;Richards;+79280885591
Maribel;Lopez;+79443144935
Roberto;Cooper;+79738812724
Brandi;Fletcher;+79758844049
Scott;Lee;+79940071719
Helena;Lee;+79698148849
Sebastian;Hamilton;+79368536904
Philip;Martinez;+79458026816
Myra;Perry;+79719797543
Clark;Burns;+79225684315
Loretta;Singh;+79152661281
Lucille;Sherman;+79849732689
Victor;Gonzalez;+79857281112
Johnny;Garcia;+79688881565
Juliana;Jacobs;+79719043885
Cedric;Patterson;+79744007419
Gabriela;Phillips;+79848136848
Nathalie;Davis;+79438268837
Neil;Adams;+79255040900
Jerry;Tucker;+79826223605
Christopher;Murphy;+79262981388
Cara;Lucas;+79354607547
Ted;Perez;+79628520188
Conner;Lucas;+79140925962
Eunice;Newton;+79377763353
Tommy;Lopez;+79596784921
Della;White;+79505298936
Alexis;Lindsey;+79740557708
Nathaniel;Martin;+79610025138
Bruce;Ward;+79629199109
Hector;Moody;+79612038424
Camille;Green;+79139395449
Leona;Hunter;+79646862101
Lucia;Hall;+79523218766
Jorge;Nelson;+79374994187
Perry;Gomez;+79472389967
Noel;Fisher;+79357318663
Sandra;Daniel;+79518201429
Chrysta;Eriksen;+79366577745
Gloria;Meadows;+79223141421
Rosie;Erickson;+79839355421
Romeo;Jordan;+79438483369
Ron;Bell;+79465630608
Brian;Morgan;+79671564254
Janessa;Parks;+79273011013
Miranda;Saunders;+79163077847
Kayleigh;Young;+79799303193
Julie;Noble;+79589097912
Rick;Green;+79303740630
Jimmy;Evans;+79666761797
Isabel;Rice;+79386755710
Greyson;Hughes;+79310244158
Robyn;Wheeler;+79273698666
Harmony;Lara;+79857107019
Della;White;+79286210932
Kathryn;Francis;+79686111604
Gerald;Jones;+79612705019
Daisy;Crawford;+79472379955
Eli;Norris;+79194988625
Glen;Richards;+79953102988
Silvia;Smith;+79678987382
Paul;Jenkins;+79736145305
Chrysta;Eriksen;+79184864484
Lucia;Hall;+79361589643
Janet;Powell;+79511440469
Joe;Matthews;+79654669723
Luisa;Kimmel;+79601182653
Martin;Young;+79706046653
Ernest;Foster;+79454332441
Ashley;Spencer;+79996865808
Milton;White;+79982854665
Ted;Perez;+79788125109
Laverne;Holland;+79933371219
Teresa;Carter;+79352606553
Ethan;Smith;+79177536491
Ramon;Howard;+79650283520
Phoebe;Valentine;+79295850355
Greyson;Hughes;+79735753011
Seth;Thomas;+79194161421
Tyra;Rodriguez;+79406180446
Maggie;Moody;+79381361132
Kingston;Sherman;+79709289326
Nicole;Howell;+79534990132
Hunter;Parks;+79990111000
Alberta;Shelton;+79191285855
Craig;Cox;+79828278945
Graciela;Woodward;+79930261102
Sandy;Russell;+79823955259
Seth;Thomas;+79876316931
Clark;Burns;+79534765213
Nicole;Howell;+79974234898
Kathie;Knowles;+79955859514
Hunter;Parks;+79329050413
Vivian;Baker;+79504489343
Paul;Erickson;+79882085155
Maggie;Moody;+79899386563
Harold;Miles;+79967625013
Beverly;Arnold;+79453949775
Gilbert;Scott;+79617040795
Douglas;Simon;+79304170030
Katelynn;Livingston;+79945687894
Alexia;Gross;+79719090188
Lynda;Miles;+79832308214
Angela;Mosby;+79933439330
Samuel;Butler;+79166899848
Cara;Lucas;+79201242744
Monique;Norman;+79420131475
Ernest;Foster;+79205588971
Janine;Allen;+79684760431
Kimberly;Brown;+79499000286
Clarence;Griffin;+79190650395
Rachelle;Perez;+79378067048
Hanna;Pace;+79312752219
Noel;Fisher;+79965451018
Mark;Bailey;+79192702600
Danna;Sheppard;+79617772431
Debra;Knight;+79736525542
Gilbert;Scott;+79529697401
Sophie;Miller;+79540672768
Lesley;Adams;+79657240758
Blake;Warburton;+79800625964
Phoebe;Valentine;+79606158735
Keith;Mcdonald;+79107691256
Nick;Campbell;+79530499306
Miranda;Saunders;+79590144600
Lauren;Coleman;+79715418927
Traci;Warburton;+79777115445
Robin;Graham;+79926799602
Maribel;Lopez;+79380543419
Terry;Bryant;+79169996829
Ivan;Robinson;+79470530453
Wiley;Shaw;+79141778877
Liam;Miller;+79568695422
Stephanie;Fisher;+79294053595
Claude;Perry;+79232518145
Loretta;Singh;+79299046862
Carolina;Gentry;+79530283256
Carlos;Daniel;+79561229485
Bethany;Richards;+79692338396
Francesca;Grant;+79938960429
Kingston;Sherman;+79533760727
Janet;Powell;+79479437548
Troy;Allen;+79711112619
Katelynn;Livingston;+79891385433
Beverly;Arnold;+79846783994
Joshua;Clark;+79960110600
Hanna;Pace;+79952282782
Clarence;Griffin;+79288394698
Peter;Fletcher;+79208321487
Keith;Mcdonald;+79239803983
Debra;Knight;+79108942781
Brian;Morgan;+79560582142
George;Watkins;+79812336564
Luna;Richmond;+79514176611
Tyra;Rodriguez;+79475598707
Ricardo;Norman;+79503479220
Luka;Flores;+79449909025
Sophia;Anderson;+79728043486
Aaron;Potter;+79151580837
Julian;Terry;+79409436365
Charlie;Rodriguez;+79724368481
Joey;Brown;+79820687251
Rosa;Guzman;+79234647780
Cedric;Patterson;+79550998488
Alexis;Lindsey;+79888908948
Riley;Walker;+79170311516
Nathaniel;Martin;+79276757590
Robin;Graham;+79158539730
Arthur;Rivera;+79208216268
Lauren;Coleman;+79291618420
Desiree;Stanley;+79926443240
Paul;Jenkins;+79689209971
Janessa;Parks;+79313472538
Sabrina;Wright;+79489138860
Harold;Murray;+79743886302
Paul;Erickson;+79547388590
Alison;Kennedy;+79986881080
Melody;Stephens;+79960575579
Benjamin;Simmons;+79159127223
Ron;Bell;+79729342217
Bruce;Ward;+79401603308
Fred;Bennett;+79588768430
Alisa;Gonzalez;+79856267489
Sabrina;Wright;+79372106683
Hannah;Martin;+79549421139
Adrian;Gross;+79427529838
Katrina;Reid;+79895152656
Adrian;Gross;+79363411388
Nathalie;Davis;+79186901878
Rosa;Guzman;+79136263256
Odessa;Simon;+79593783999
Marshall;Ellis;+79477909411
Shane;Newton;+79832059779
Marion;Gibson;+79626615418
Sophie;Miller;+79512505475
Claudia;Norris;+79741362394
Danna;Sheppard;+79507188725
Camille;Green;+79530094846
Lucille;Sherman;+79772706920
Molly;Holmes;+79719953596
Antonio;Stanley;+79981167428
Lesley;Adams;+79952947344
Daisy;Crawford;+79453143862
Connor;Holland;+79798234305
Jaime;Peterson;+79149573952
Morris;Gordon;+79767558608
Rose;Little;+79113569816
Connor;Holland;+79670138430
Claude;Perry;+79862208137
Everett;Reynolds;+79184784519
Eunice;Newton;+79823742995
Isabel;Rice;+79649061453
Blake;Warburton;+79848203177
Orlando;Long;+79612297391
Shawn;Hicks;+79231111442
Neil;Adams;+79912616792
Jorge;Nelson;+79110695328
Shane;Newton;+79876827724
Ramon;Howard;+79550770625
Albert;Sanders;+79349473748
Samuel;Butler;+79619338312
Dave;Harris;+79405703600
Joe;Matthews;+79209728186
Vivian;Baker;+79727355179
Gerald;Jones;+79420416705
Beatrice;Wood;+79149151546
Aaron;Potter;+79250156736
Alisa;Gonzalez;+79985323490
Miles;Davis;+79509830982
Olive;Leach;+79237311485
Scott;Lee;+79730998718
Blanca;Clark;+79515458817
Miles;Davis;+79107495576
Whitney;Cooper;+79961205104
Gemma;Weasley;+79602770124
Valentina;Alvarez;+79251834382
Marlin;Francis;+79935356673
Dave;Harris;+79750800361
Ricardo;Norman;+79782678051
Desiree;Stanley;+79415688357
Julie;Noble;+79990896694
Alice;Foreman;+79667278716
Sandy;Russell;+79259065103
Mila;Stewart;+79730166801
Kimberly;Brown;+79210962503
